﻿<?xml version="1.0" encoding="utf-8" ?>
<Defs>

  <RecipeDef>
    <defName>ESCP_CrushStoneChunk</defName>
    <label>crush stone chunk</label>
    <description>Crush a stone chunk, receiving the ore found inside.</description>
    <workerClass>ESCP_ChunkCrushing.Recipe_CrushChunk</workerClass>
	<!--<workerCounterClass></workerCounterClass>-->
    <jobString>Crushing stone chunk.</jobString>
    <workAmount>1000</workAmount>
    <workSpeedStat>GeneralLaborSpeed</workSpeedStat>
    <effectWorking>CutStone</effectWorking>
    <soundWorking>Recipe_MakeStoneBlocks</soundWorking>
    <ingredients>
      <li>
        <filter>
          <categories>
            <li>StoneChunks</li>
          </categories>
        </filter>
        <count>1</count>
      </li>
    </ingredients>
    <fixedIngredientFilter>
      <categories>
        <li>StoneChunks</li>
      </categories>
    </fixedIngredientFilter>
	<recipeUsers>
		<li>TableStonecutter</li>
	</recipeUsers>
	<!--<researchPrerequisite>MorrowRim_DunmerArmory</researchPrerequisite>-->
  </RecipeDef>

</Defs>